pool_id,total_funds,allocated_funds,replenished_by
35fdb577-9b4d-471f-ac30-64d3f91a8d60,84027.99568411,48164.87800224,grant
80f30602-4bb1-4fab-8960-ac6b7b00cb18,6770.48062225,1592.73171456,reserve
9699caf8-4cc9-4e26-bc68-0ed8f5169853,47454.42150488,10975.92446196,reserve
7e1c9c97-f2a8-426d-abcc-6808cbbc341a,38297.35549742,9178.21240823,donation
845d9aa8-7d05-46c9-b94e-32ba1c51cb23,49528.06590367,25772.95514006,grant
45f5a18c-64cf-4d82-8cde-a526cd6e659c,75346.49258963,44616.42430267,grant
